Judul,Nama Bidang,Nilai Prediksi
MENINGKATKAN PEMAHAMAN BACAAN SISWA DENGAN MENERAPKAN TEKNIK PRE-QUESTIONING,Multimedia,2.676951173079889e-17
… HASIL SIMULASI MONTE CARLO DAN SIMULASI BOOTSTRAP DALAM ANALISIS INVESTASI SAHAM UNTUK MENGHITUNG NILAI VALUE AT RISK VaR DATA,Penerapan Virtualisasi Jaringan,1.1952752880254099e-34
Analisis Perancangan Multimedia Streaming Berbasis Software Defined Network,Penerapan Virtualisasi Jaringan,2.2141895419317643e-22
ANALISA VISUAL MENGGUNAKAN ETETOOLKIT FRAMEWORK TERHADAP PENYAKIT BETA-THALASSEMIA DI JAWA TENGAH BAGIAN SELATAN,Penerapan Manajemen Informasi,5.2177299477469395e-28
Sistem Pendukung Keputusan Penentuan Siswa Penerima Beasiswa Dengan Metode Simple Additive Weighting Berbasis Java Desktop Application,Penerapan Sistem Pendukung Keputusan,6.42903593549047e-43
PENGARUH INTENSITAS PENGGUNAAN SMARTPHONETERHADAP KUALITAS TIDUR PADA SISWA DI SMA NEGERI 1 SIGLI KABUPATEN PIDIE,Penerapan Pembelajaran Elektronik pada Sistem Informasi,7.036914975266002e-30
PENGARUH UKURAN PERUSAHAAN PROFITABILITAS LEVERAGE DAN STATUS PERUSAHAAN TERHADAP RATA-RATA VOLUME PERDAGANGAN SAHAM …,Skalabilitas dan Analitik Data,8.460018552568678e-30
Sistem Pendukung Keputusan Penentuan Penerima Penghargaan Sekolah Adiwiyata di Kabupaten Pelalawan Menggunakan Metode Simple Additive Weighting …,Penerapan Sistem Pendukung Keputusan,2.837722372483606e-33
PENGAWASAN OTORITAS JASA KEUANGAN OJK ATAS PENYALAHGUNAAN DATA PENGGUNA PINJAMAN KREDIT PADA APLIKASI RUPIAHPLUS DIKAITKAN …,Penerapan Intelijen Bisnis,1.136124077287938e-27
Pemanfataan teknologi informasi dan komunikasi TIK dalam pembelajaran matematika,Penerapan Augmented Reality,1.4991236268155546e-19
Penerapan Clustering pada Aplikasi Pendeteksi Kemiripan Dokumen Teks Bahasa Indonesia,Penerapan Information Retrieval,1.0077783284940113e-23
Penggunaan metode fuzzy inference system fis mamdani dalam pemilihan peminatan mahasiswa untuk tugas akhir,Penerapan Sistem Pendukung Keputusan,1.6717020747658902e-35
Penerapan Artificial Intelligence dalam Computer Aided Instructure CAI,Penerapan Kecerdasan Buatan,6.226914388702093e-12
 Penerapan Algoritma A*A Star Pada Game Edukasi The Maze Island Berbasis Android,Pengembangan Game,3.428255819640242e-28
Implementasi Fsm Finite State Machine Pada Game Perjuangan Pangeran Diponegoro,Penerapan Kecerdasan Buatan,4.0590613007711243e-19
PENERAPAN METODE FINITE STATE MACHINE PADA GAME DREADMAN,Penerapan Kecerdasan Buatan,1.661741430715447e-14
Analisis Perbandingan Kecerdasan Buatan pada Computer Player dalam Mengambil Keputusan pada Game Battle RPG,Penerapan Kecerdasan Buatan,6.642895299376459e-35
PENERAPAN CHATBOT AUTO REPLY PADA WHATSAPP SEBAGAI PUSAT INFORMASI PRAKTIKUM MENGGUNAKAN ARTIFICIAL INTELLIGENCE MARKUP …,Penerapan Manajemen Informasi,1.1044634434675716e-53
Penerapan Algoritma Alpha Beta Pruning Sebagai Kecerdasan Buatan Pada Game Pawn Battle,Penerapan Kecerdasan Buatan,5.061802828949526e-29
PENERAPAN CHATBOT AUTO REPLY PADA WHATSAPP SEBAGAI PUSAT INFORMASI PRAKTIKUM MENGGUNAKAN ARTIFICIAL INTELLIGENCE MARKUP …,Penerapan Manajemen Informasi,1.1044634434675716e-53
Penerapan Data Market Query DMQ pada Sistem Penilaian Berbasis Yii Framework,Penerapan Enkripsi,7.31772420169675e-39
Penerapan Algoritma K-Means Untuk Clustering Data Obat-Obatan,Penerapan Penambangan Data,8.231583182549301e-15
Penerapan Data Mining Untuk Menganalisis Kepuasan Konsumen Menggunakan Metode Algoritma C4 5,Penerapan Data Besar,7.806021388120112e-26
[HTML][HTML] Perancangan Sistem Informasi Inventaris Program Studi Teknik Informatika Universitas Surakarta,Penerapan Manajemen Informasi,1.1781825055782958e-33
Penerapan Metode Clustering Dengan Algoritma K-Means Untuk Rekomendasi Pemilihan Jalur Peminatan Sesuai Kemampuan Pada Progam Studi Teknik …,Penerapan Kecerdasan Buatan,9.077873660519847e-40
Penerapan Skala Likert dan Skala Dikotomi Pada Kuesioner Online,Penerapan Watermarking pada Citra,7.1049538029365575e-12
Penerapan Data Mining Menggunakan Algoritma K-Means Clustering Untuk Menentukan Strategi Promosi Mahasiswa Baru Studi Kasus Politeknik Lp3i Jakarta,Penerapan Data Besar,1.0858377554133952e-40
ANALISA KEMUNGKINAN CALON MAHASISWA BARU MEMILIH PRODI TEKNIK INFORMATIKA MELALUI PENERAPAN DATA MINING DECISION TREE,Penerapan Data Besar,1.6640618425163452e-38
Penerapan Metode Data Mining Market Basket Analysis Terhadap Data Penjualan Produk Pada Toko Oase Menggunakan Algoritma Apriori,Penerapan Penambangan Data,1.0117106889355371e-39
Analisa Dan Penerapan Data Mining Untuk Menentukan Kubikasi Air Terjual Berdasarkan Pengelompokan Pelanggan Menggunakan Algoritma K-Means Clustering,Penerapan Data Besar,7.240557171127853e-34
 RANCANG BANGUN SISTEM TEMU KEMBALI INFORMASI ABSTRAK TUGAS AKHIR MAHASISWA PRODI TEKNIK INFORMATIKA UNSOED,Penerapan Manajemen Informasi,8.592099470681488e-37
 Text dan Web Mining,Penerapan Penambangan Teks,1.0925241414786679e-10
Question Answering System Dan Penerapannya Pada Alkitab,Penerapan Penambangan Teks,2.9482043191655746e-11
Information Retrieval Mendeteksi Konten Anarkis Pada Web Keagamaan Menggunakan Algoritma Rabin Karp,Penerapan Information Retrieval,1.1992645574824169e-21
Penerapan Algoritma Ahp Dan Saw Dalam Pemilihan Penginapan Di Yogyakarta,Penerapan Sistem Pendukung Keputusan,2.1078108777651147e-16
Sistem Information Retrieval Layanan Kesehatan Untuk Berobat Dengan Metode Vector Space Model VSM Berbasis Webgis,Penerapan Information Retrieval,2.867973810319446e-36
 Pembangunan Sistem Temu Balik Informasi Information Retrieval Dalam Pemilihan Pemain Sepak Bola Berkualitas Di Indonesia Berbasis Analisis Sentimen,Penerapan Information Retrieval,7.309422161209908e-52
 Rancang bangun pendeteksian keshahihan hadits sebagai sebuah information retrieval pada kitab-kitab hadits,Penerapan Information Retrieval,4.3673494604218225e-33
Implementasi Information Retrieval Dalam Pembuatan Aplikasi Piano Composer Menggunakan Java Applet,Penerapan Information Retrieval,2.0456854463036895e-16
 Penerapan algoritma apriori terhadap data penjualan di Toko Gudang BM,Penerapan Data Besar,9.070128133106482e-24
Membangun sistem pakar menggunakan teorema bayes untuk mendiagnosa penyakit paru-paru,Penerapan Sistem Pakar,2.0406995756741929e-22
PENERAPAN FUZZY INFERENCE SYSTEM TAKAGI-SUGENO-KANG PADA SISTEM PAKAR DIAGNOSA PENYAKIT GIGI,Penerapan Sistem Pakar,1.1459700473739965e-23
Perancangan Sistem Pakar Diagnosa Penyakit Ayam Dengan Metode Forward Chaining,Penerapan Sistem Pakar,1.9291904930540805e-23
Sistem Pakar Dengan Metode Certainty Factor Dalam Penentuan Gaya Belajar Anak Usia Remaja,Penerapan Sistem Pakar,7.463014655293041e-30
Perancangan Aplikasi Sistem Pakar Diagnosa Diabetes Dengan Metode Bayes,Penerapan Sistem Pakar,2.733593185961821e-23
Penerapan Metode Forward Chaining Pada Sistem Pakar Untuk Diagnosa Hama dan Penyakit Padi,Penerapan Sistem Pakar,7.232241309449622e-23
 Penerapan Metode Forward Chaining Pada Sistem Pakar Untuk Mendiagnosa Penyakit Degeneratif Pada Lansia Berbasis Web,Penerapan Sistem Pakar,2.878598608915945e-23
Penerapan Case Based Reasoning Cbr Pada Sistem Pakar Diagnosa Penyakit Otitis Media Supuratif Kronis OMSK Pada Orang Dewasa,Penerapan Sistem Pakar,1.3329436677461558e-26
Penerapan Metode Dempster Shafer Dalam Mendiagnosa Penyakit Bell'S Palsy,Penerapan Sistem Pakar,3.8490048043923736e-18
Penerapan Metode Naive Bayes Pada Aplikasi Sistem Pakar Untuk Diagnosa Penyakit Kulit Pada Kucing,Penerapan Sistem Pakar,1.1480285140499462e-27
PENERAPAN ALGORITMA CLUSTERING UNTUK MENGELOMPOKKAN KETERTARIKAN SISWA BERDASARKAN AKTIVITAS DI MODEL PEMBELAJARAN …,Multimedia,1.6340814340646328e-26
 CLUSTERING TIPE BELAJAR SISWA SMKN 2 PENAJAM PASER UTARA DENGAN PENERAPAN METODE DATA MINING K-MEANS DAN FUZZY C-MEANS …,Penerapan Penambangan Teks,6.426405438025137e-46
PENERAPAN ALGORITMA APRIORI UNTUK PENENTUAN STRATEGI MARKETING PENJUALAN PRODUK,Penerapan Penambangan Data,9.45133335137065e-22
 PENERAPAN DATA MINING UNTUK MENCARI POLA DATA NILAI AKADEMIK MAHASISWA MENGGUNAKAN ALGORITMA FP-GROWTH Studi …,Penerapan Data Besar,1.6391828445668565e-30
 Penerapan Konsep Data Mining Pada Database Akademik STMIK Pradnya Paramita Dengan Delphi,Penerapan Data Besar,1.1433033362576512e-19
PENERAPAN DATA MINING UNTUK MENGANALISIS DATA BENCANA GEMPA BUMI DI KEPULAUAN MALUKU PADA BMKG MENGGUNAKAN NAÏVE BAYES …,Penerapan Data Besar,1.1775111745358614e-30
 PENERAPAN ASSOCIATION RULE DENGAN ALGORITMA APRIORI DALAM ANALISIS DATA MINING PENJUALAN BAHAN KIMIA PADA PT GRESIK CIPTA …,Penerapan Penambangan Data,1.1441908505546346e-30
 Penerapan Data Mining menggunakan Metode Decision Tree C4 5 untuk Prediksi Tingkat Kelulusan Mahasiswa Studi Kasus STMIK WIT,Penerapan Data Besar,1.3290289830371154e-38
Penerapan Algoritma C4 5 Untuk Memprediksi Besarnya Penggunaan Listrik Rumah Tangga di Kota Batam,Penerapan Penambangan Data,6.868045372862758e-34
PENERAPAN DATA MINING UNTUK CLUSTERING DATA PENDUDUK MISKIN MENGGUNAKAN ALGORITMA K-MEANS,Penerapan Data Besar,1.508343788531777e-19
 Analisis Penerapan Algoritma Naive Bayes dalam Pengklasifikasian Konten Berita Bahasa Indonesia,Penerapan Penambangan Teks,7.064676348570739e-26
Penerapan Algoritma Apriori Dalam Memprediksi Penjualan Produk Di Pt Miwada Industrial,Penerapan Data Besar,3.70588692009855e-18
 IMPLEMENTASI KEYWORD BASED ASSOCIATION ANALYSIS MENGGUNAKAN ALGORITMA MS APRIORI,Penerapan Penambangan Data,1.0830446203201044e-16
Pencarian Ayat Al-Quran Dengan Memperhatikan Kata Majemuk Menggunakan Term Frequency dan Prinsip Pareto Untuk Membantu Hafalan Studi Kasus Juz ' …,Penerapan Information Retrieval,1.987367205524136e-27
Analisis Data Hasil Keuntungan Menggunakan Software Rapidminer,Penerapan Data Besar,3.2473405165308616e-14
Implementasi Metode Naive Bayes Classifier NBC Pada Komentar Warga Sekolah Mengenai Pelaksanaan Pembelajaran Jarak Jauh PJJ,Penerapan Penambangan Teks,7.672048634718254e-43
Pengembangan Aplikasi Sentiment Analysis Menggunakan Metode Naïve Bayes Studi Kasus Sentiment Analysis Dari Media Twitter,Penerapan Information Retrieval,6.9254066211911206e-46
Klasifikasi Teks Dengan Menggunakan Algoritma K-nearest Neighbor Pada Kasus Kinerja Pemerintah Di Twitter,Penerapan Penambangan Teks,6.303726093698144e-29
Integrasi Laman Web tentang Pariwisata Daerah Istimewa Yogyakarta Memanfaatkan Teknologi Web Scraping dan Text Mining,Penerapan Sistem Informasi Geografis,9.504639359393507e-45
Peningkatan Kinerja Clustering Dokumen Teks Menggunakan Pembobotan Sampel,Penerapan Information Retrieval,1.9874244751621608e-19
 JURUSAN ADMINISTRASI BISNIS FAKULTAS ILMU ADMINISTRASI UNIVERSITAS BRAWIJAYA,Penerapan Global Professional Practice,5.133615805351693e-27
Model Manajemen Hubungan Pelanggan dan Sistem Bisnis Intelijen untuk Katalog Secara Online,Penerapan Intelijen Bisnis,5.6705542088155055e-33
POLA PERILAKU BELANJA CUSTOMER PADA E-MARKETPLACE DENGAN ALGORITMA HYBRID IMPROVED TABU SEARCH TS DAN FP-GROWTH UNTUK …,Penerapan Penambangan Data,5.130514893954236e-38
Rancang Bangun Aplikasi Pemetaan Kebudayaan Islam Dengan Menerapkan Knowledge Management Dan Sistem Informasi Geografis,Penerapan Bisnis Elektronik Sistem Informasi,4.7491169181226553e-35
EVALUASI PENGUKURAN TINGKAT KEMAMPUAN DALAM PENERAPAN TEKNOLOGI INFORMASI Studi Kasus Politeknik Indonusa Surakarta,Penerapan Manajemen Informasi,5.673278580926278e-28
 Penerapan Data Mining Dengan Algoritma Apriori Untuk Informasi Saran Kueri Barang Studi Kasus Situs “Inkuiri com”,Penerapan Data Besar,2.9898735124014604e-30
 Internet of Things a vision architectural elements and future directons,Penerapan IoT,1.7998798109346788e-18
Sistem Tracer Study Alumni Fakultas Ilmu Komputer Universitas Muslim Indonesia Menggunakan Metode On-Line Analitycal Processing OLAP,Penerapan Penambangan Data,8.849481588191567e-41
 Pembangunan Sistem Informasi Inventory Management Pada CV Sumber Tani-Cirebon,Penerapan Bisnis Elektronik Sistem Informasi,6.2036095549592695e-22
Dashboard Information System Berbasis Key Performance Indicator,Penerapan Information Retrieval,3.2540685356787983e-17
 Pemeringkatan E-Government Indonesia PEGI dan Pemanfaatan Teknologi Informasi di DKI Jakarta,Penerapan Teknologi Jaringan,8.024434669468333e-24
Strategi pemerintah kota cilegon menuju cilegon smart city,Penerapan Smart Living,6.897968548606451e-16
Analisis Kesiapan Kota Kotamobagu Dalam Mewujudkan Kotamobagu sebagai Smart City,Penerapan Smart Living,6.137597218911767e-19
Perancangan Sistem Informasi Monitoring dan Reporting Program Pemberdayaan dan Kesejahteraan Keluarga Studi Kasus Kelurahan X,Penerapan Manajemen Informasi,4.518949298132397e-38
Teknologi Informasi dalam Smart City di Makassar,Penerapan Smart Living,1.2765838173188294e-15
Pelaksanaan smart government di kabupaten soppeng,Penerapan Smart Living,1.822258178289846e-15
Perencanaan Komunikasi Dinas Komunikasi Informatika Statistik dan Persandian Kota Pekanbaru dalam Mensosialisasikan Program Smart City,Penerapan Smart Living,5.520907330426057e-38
 Analisa Kesiapan Pemerintah Dalam Implementsi Bitung Kota Cerdas,Penerapan Smart Living,8.430774397792973e-19
Perancangan Infrastruktur Jaringan Komputer Dalam Konsep Membangun Serang Menuju Smart City,Penerapan Smart Living,7.678664922878119e-31
AGRO-BASED SMART CITY KOTA BATU IMPLEMENTASI DAN TANTANGAN,Penerapan Smart Living,2.039670784168706e-15
Perancangan Cloud Storage Menggunakan Owncloud Dan Ubuntu Server Studi Kasus Pada Pt Indonesia Nippon Seiki,Penerapan Komputasi Awan,1.4382332054241452e-31
… AS A SERVICE IAAS DENGAN PENERAPAN THIN CLIENT DI LABORATORIUM JURUSAN TEKNIK INFORMATIKA UPN VETERAN YOGYAKARTA,Penerapan Komputasi Awan,4.275908112537257e-43
Penerapan Firebase Realtime Database Pada Prototype Aplikasi Pemesanan Makanan Berbasis Android,Penerapan Information Retrieval,1.9308129266014908e-29
Implementation of Cloud Computing Using the Roadmap for Cloud Computing Adoption ROCCA Method in Non-Ministry Government Institutions Case Study of …,Penerapan Komputasi Awan,8.980347995085807e-43
Pusat Data Privat Virtual Pemerintah Berbasis Komputasi Awan Studi Empiris Pada Lembaga Ilmu Pengetahuan Indonesia,Penerapan Komputasi Awan,1.0104907190446184e-40
Enterprise Risk Management Pada Cloud Computing,Penerapan Komputasi Awan,5.873990154350511e-13
Sistem Informasi Sekolah Berbasis Komputasi Awan,Penerapan Komputasi Awan,1.0590233380495058e-18
Analisis perbandingan Cloud DOCUMENT pada EYeOS dan Google docs,Penerapan Komputasi Awan,4.475289512157367e-21
Desain Dan Implementasi Hybrid Cloud Computing Sebagai Infrastruktur Untuk Analisis Big Data Menggunakan Analytic Hierarchy Process AHP,Penerapan Komputasi Awan,2.657476867010413e-39
Proses Migrasi Cloud Computing dari Lingkungan Amazon EC2 ke VMWARE,Penerapan Virtualisasi Jaringan,1.903886523388684e-16
PENERAPAN INTERNET OF THINGS IOT PADA SMART HOME MENGGUNAKAN ARDUINO DAN RASPBERRY PI,Penerapan IoT,2.4641931888984392e-24
Pembelajaran Aplikasi Iot Di Android Dengan Software Blynk Kontrol Led Relay dan Suhu,Penerapan IoT,6.628328762410805e-26
PENERAPAN INTERNET OF THINGS IOT PADA SISTEM KONTROL DAN MONITORING LAMPU GEDUNG MENGGUNAKAN NODEMCU BERBASIS TELEGRAM,Penerapan IoT,3.070625163611558e-63
Implementasi Teknologi IOT Untuk Pengontrolan Peralatan Elektronik Rumah Tangga Berbasis Android,Penerapan IoT,1.5783584719457204e-27
Iptek Bagi Masyarakat Penerapan Iot Dengan Smartphone Pada Smk Plus Al-Musyarrofah Sebagai Upaya Pencapaian Sustainable Development Goal Tujuan 4 …,Penerapan Smart Living,4.3790007335672254e-49
PENERAPAN LOGIKA FUZZY PADA SISTEM MONITORING DAN KONTROL KANDANG AYAM OTOMATIS BERBASIS IoT,Penerapan IoT,6.441578210151977e-48
PENERAPAN KONSEP IOT DALAM BUDIDAYA IKAN,Penerapan IoT,7.583171484523482e-13
Penerapan Trainer Interfacing Mikrokontroler dan Internet Of Things Berbasis Esp32 pada Mata Kuliah Interfacing,Penerapan IoT,1.179032975824694e-24
Pengaruh Internet of Things Iot Pada Education Business Model Studi Kasus Universitas Atma Jaya Yogyakarta,Penerapan IoT,8.981962252899349e-45
PENERAPAN INTERNET OF THINGS IOT PADA SISTEM KONTROL DAN MONITORING LAMPU GEDUNG MENGGUNAKAN NODEMCU BERBASIS TELEGRAM,Penerapan IoT,3.070625163611558e-63
RANCANG BANGUN APLIKASI KEAMANAN DATA TEKS MENGGUNAKAN ALGORITMA STREAM CIPHER,Penerapan Keamanan Data,1.4316714336561828e-25
Pemanfaatan Private Cloud Storage Sebagai Media Penyimpanan Data E-Learning Pada Lembaga Pendidikan,Penerapan Komputasi Awan,8.016447674443871e-33
 Penerapan teknik Kriptografi stream cipher untuk pengaman basis data,Penerapan Enkripsi,3.5024455913735555e-20
Penerapan Kombinasi Metode Enkripsi Vigenere Chiper Dan Transposisi Pada Aplikasai Client Server Chatting,Penerapan Enkripsi,4.4806822018203314e-30
Penerapan Algoritma One Time Pad Pada Pesan Rahasia Menggunakan QR Code Berbasis Android,Penerapan Enkripsi,1.631435336932768e-30
Implementasi Algoritma Vigeneere Cipher dan GOST dalam Keamanan Data,Penerapan Keamanan Data,1.6081561397335138e-11
Penerapan Metode Hill Cipher Dan Caesar Cipher Pada Aplikasi Wireless Lan Chatting,Penerapan Enkripsi,2.3744004536065318e-26
 Analisis teknologi Single Sign On SSO dengan penerapan Central Authentication Service CAS pada Universitas Bina Darma,Penerapan Teknologi Jaringan,7.0559027179574075e-40
Keamanan Basis Data Dengan Teknik Enkripsi,Penerapan Enkripsi,6.96138153629945e-27
E-Voting Berbasis Website Pada Pemilihan Kades Di Rantau Jaya Lake Dengan Keamanan Data Menggunakan Enkripsi Base 64,Penerapan Enkripsi,3.53170996439159e-39
Penerapan Algoritma Rail Fence Untuk Penghasil Pesan Rahasia Berbasis Android,Penerapan Keamanan Data,4.567319025770369e-25
Implementasi Firewall IPTables Untuk Mencegah Serangan Terhadap Webserver,Penerapan IT Forensik pada Jaringan,2.573397912048224e-11
 Implementasi Proxy Server dan Load Balancing Menggunakan Metode Per Connection Classifier PCC Berbasis Mikrotik Studi kasus Shmily net,Penerapan Teknologi Nirkabel,5.202186807769773e-36
PENERAPAN METODE CAMELIAN UNTUK KEAMANAN PESAN TEXT BERBASIS CHATTING,Penerapan Keamanan Data,2.759823715520769e-19
EFEKTIFITAS PENERAPAN MPLS-VPN UNTUK MENINGKATKAN PERFORMANSI LAYANAN MULTIMEDIA,Multimedia,6.019239162402469e-18
Kombinasi Algoritma AES RC4 dan Elgamal Dalam Skema Hybrid Untuk Keamanan Data,Penerapan Keamanan Data,3.8360872315018704e-26
Implementasi Intrusion Detection System Pada Rule Based System Menggunakan Sniffer Mode Pada Jaringan Lokal,Penerapan Teknologi Nirkabel,6.209311079011391e-27
Perancangan dan Implementasi Sistem Keamanan Berbasis IDS di Jaringan Internet Universitas Bina Darma,Penerapan Teknologi Jaringan,4.674981316109285e-31
Analisis Penerapan Sistem Operasi Linux dan Mikrotik terhadap Manajemen Keamanan dan Kecepatan Akses Studi Kasus Warnet Kota Palembang,Penerapan Keamanan Cyber,2.172809667777688e-45
Penerapan Sistem Keamanan Menggunakan Cryptography Pada Aplikasi Chatting Dengan Memodifikasi Algoritma Rivest Shamir Adleman RSA,Penerapan Enkripsi,6.9439173254502545e-34
IMPLEMENTASI TEKNOLOGI CLOUD PRIVATE NETWORK BERBASIS TEKNOLOGI VIRTUALISASI,Penerapan Virtualisasi Jaringan,1.740477262487707e-20
Pengujian Algoritma Load Balancing pada Web Server Menggunakan NGINX,Penerapan Teknologi Jaringan,6.260220741196631e-20
Kajian penerapan e-learning dalam proses pembelajaran di perguruan tinggi,Penerapan Pembelajaran Elektronik pada Sistem Informasi,1.42516639656218e-18
Dipublikasikan Tahun 2013 oleh,Penerapan Intelijen Bisnis,5.127888235625361e-12
LKP Penerapan DNS Server Dan Monitoring Jaringan Pada PT Miwon Indonesia,Penerapan Teknologi Jaringan,3.7535296137479393e-17
 ANALISIS DAN ARSITEKTUR SISTEM JARINGAN DUMB TERMINAL DAN DISKLES WINDOWS SERVER 2008,Penerapan Virtualisasi Jaringan,1.3534418187016754e-25
Penerapan Data Market Query DMQ pada Sistem Penilaian Berbasis Yii Framework,Penerapan Enkripsi,7.31772420169675e-39
 PERANCANGAN DAN IMPLEMENTASI VIRTUALISASI SERVER DENGAN CITRIX XENSERVER DI PT PLN PERSERO WILAYAH BANGKA BELITUNG,Penerapan Virtualisasi Jaringan,1.4222546036414596e-30
 Rancang Bangun Aplikasi Identifikasi Aset TIK Menggunakan QR Code Berbasis Android Studi Kasus Laboratorium Komputer UKRIDA Kampus 1,Penerapan Augmented Reality,1.00468060992996e-51
 ANALISIS PENERAPAN DAN UJI PERFORMA INTRUSION DETECTION SYSTEM IDS PADA JARINGAN BERBASIS SOFTWARE DEFINED NETWORK SDN …,Penerapan Virtualisasi Jaringan,8.222732209143957e-42
… PENERAPAN TEKNOLOGI MULTI PROTOCOL LABEL SWITCHING PADA JARINGAN TELEKOMUNIKASI INDOSAT OLEH PT ANUGRAH SENTOSA INFORMATIKA …,Penerapan Teknologi Jaringan,2.8280825517510773e-34
Strategi Perencanaan Dan Penerapan Teknologi Informasi Menggunakan Kerangka Togaf Versi 9 Studi Kasus Smkn Xyz,Integrasi Sistem dan Arsitektur,6.880108883679156e-36
Penyusunan Blueprint Infrastruktur Jaringan Komputer Menggunakan Analisis Swot Pada Stmik Lombok,Penerapan Virtualisasi Jaringan,3.627352902994273e-27
 Penerapan Smart Campus sebagai Pendukung Kegiatan Pendidikan dalam Tri Dharma Perguruan Tinggi,Penerapan Teknologi Nirkabel,4.760701237973492e-33
… PENJADWALAN MENGAJAR PRATIKUM ASISTEN LABORATORIUM SISTEM DAN JARINGAN KOMPUTER DI TEKNIK INFORMATIKA INSTITUT TEKNOLOGI …,Penerapan Pembelajaran Elektronik pada Sistem Informasi,1.2513441256335407e-34
Analisis Kinerja Load Balancing Dua Line Koneksi Dengan Metode Nth Studi Kasus Laboratorium Teknik Informatika Institut Teknologi Padang,Penerapan Teknologi Nirkabel,9.415402786403308e-51
Penerapan Teknologi Komputasi Awan Cloud Computing Untuk Pembelajaran Mahasiswa di Perguruan Tinggi,Penerapan Komputasi Awan,6.088232157861698e-26
Improvisasi Backpropagation menggunakan penerapan adaptive learning rate dan parallel training,Penerapan Morfologi Citra Digital,2.069655246520521e-44
Penerapan Perangkat Lunak Open Source Owncloud Sebagai Server Penyimpanan Data Berbasis WEB,Penerapan Keamanan Data,1.151651500174722e-33
Penerapan Learning Vector Quantization Penentuan Bidang Konsentrasi Tugas Akhir Studi Kasus Mahasiswa Teknik Informatika UIN Suska Riau,Penerapan Pengenalan Pola,5.760188031966622e-49
IMPLEMENTASI LAYANAN BERBASIS PERANGKAT BERGERAK UNTUK SISTEM INFORMASI AKADEMIK SMA NEGERI 1 TUMPANG MALANG,Penerapan Pembelajaran Elektronik pada Sistem Informasi,2.0537560279109876e-35
Implementasi Protokol Routing SPIN pada Wireless Sensor Network Menggunakan Media Komunikasi RF,Penerapan Teknologi Nirkabel,8.556312330272908e-20
Prototipe Sistem Informasi Dan Transaksi Layanan Stasiun Kereta Api Melalui Piranti Nirkabel,Penerapan Bisnis Elektronik Sistem Informasi,4.292457521931088e-30
Analisa Penerapan Teknologi UMTS Untuk Mengatasi Permasalahan Kapasitas Pada Jaringan 2G GSM,Penerapan Teknologi Jaringan,1.4745078069402927e-16
 ANALISIS DAN IMPLEMENTASI TEKNOLOGI BLUETOOTH PADA LOCAL AREA NETWORK DENGAN KONSEP HUBUNGAN PC TO PC,Penerapan Teknologi Jaringan,1.1948678761946754e-33
 ANALISA PENERAPAN TEKNOLOGI UMTS UNTUK MENGATASI PERMASALAHAN KAPASITAS PADA JARINGAN 2G GSM STUDI KASUS DI PT INDOSAT …,Penerapan Teknologi Jaringan,1.8366106820650362e-28
Implementasi Teknologi Biometrical Identification untuk Login Hotspot,Penerapan Teknologi Jaringan,2.795101123014728e-16
Analisis Pemanfaatan Bandwith Pada Off-Time Kantor Menggunakan Mikrotik Dan Radius Server,Penerapan Teknologi Nirkabel,7.121461798589272e-21
Penerapan Metode PPDIOO Dalam Pengembangan LAN Dan WLAN,Penerapan Teknologi Nirkabel,2.084010204260544e-14
Pemilihan Komponen Arsitektur Untuk Penentuan Posisi Pengunjung Pada Sistem Pemandu Museum,Penerapan Sistem Pendukung Keputusan,2.050307668963269e-27
PENGGUNAAN ALAT BUKTI DIGITAL DALAM KOMPUTER FORENSIK PADA PENYIDIKAN TINDAK PIDANA MAYANTARA DI DIREKTORAT KRIMINAL KHUSUS …,Penerapan IT Forensik pada Jaringan,2.1784152730934463e-19
Forensik Komputer Studi Kasus Universitas Klabat,Penerapan IT Forensik pada Jaringan,5.885421668807895e-16
Kerangka Investigasi Forensik Pada Peladen Pertukaran Berkas Samba Berdasarkan SNI ISO/IEC 27037 2014,Penerapan IT Forensik pada Jaringan,4.571525749978517e-27
ANALISIS MANIPULASI SUARA YANG TELAH DI EDIT DENGAN APLIKASI SMARTPHONE MENGGUNAKAN TEKNIK AUDIO FORENSIK SEBAGAI BARANG BUKTI …,Penerapan IT Forensik pada Jaringan,3.96244071154308e-35
 ANALISIS FORENSIK SOLID STATE DRIVE SSD MENGGUNAKAN FRAMEWORK GRR RAPID RESPONSE,Penerapan IT Forensik pada Jaringan,1.7603938484707526e-29
Investigasi Forensik pada E-mail Spoofing menggunakan Metode Header Analysis,Penerapan IT Forensik pada Jaringan,4.145164976849025e-20
 … VOIP Berbasis Session Initiation Protocol SIP Berbantuan Briker Versi 14 Untuk Pengukuran Quality Of Services Pada Jaringan Komputer di Fakultas Teknik …,Penerapan Teknologi Nirkabel,3.133654151114266e-39
Penerapan Framework OWASP dan Network Forensics untuk Analisis Deteksi dan Pencegahan Serangan Injeksi di Sisi Host-Based,Penerapan IT Forensik pada Jaringan,1.5368105354218087e-18
Analisis Forensik Digital Pada Frozen Solid State Drive Dengan Metode National Institute of Justice Nij,Penerapan IT Forensik pada Jaringan,1.4006890686102088e-36
 NASKAH AKADEMIK TEKNIK INFORMATIKA,Penerapan Manajemen Informasi,8.372089933316595e-14
PERANCANGAN APLIKASI ENKRIPSI DAN DEKRIPSI DATA TEKS DENGAN MENGGUNAKAN METODE MERKLE HELLMAN,Penerapan Enkripsi,2.1715107000058292e-24
Keamanan Basis Data Dengan Teknik Enkripsi,Penerapan Enkripsi,6.96138153629945e-27
Penerapan Algoritma AES dan Konversi SMS ke dalam Bahasa KHEK pada Aplikasi Enkripsi Berbasis Mobile Application,Penerapan Enkripsi,2.434965424046252e-32
Sistem Kriptografi Citra Digital Pada Jaringan Intranet Menggunakan Metode Kombinasi Chaos Map dan Teknik Selektif,Penerapan Enkripsi,4.650345968155527e-33
ENKRIPSI TEKS MENGGUNAKAN METODE VIGENERE CIPHER DENGAN PEMBENTUKAN KUNCI TIGA TAHAP,Penerapan Enkripsi,1.9794092210155398e-21
Membangun Sistem Informasi Inventory Menggunakan Algoritma Caesar Cipher Sebagai Media Enkripsi Studi Kasus Klinik Ridho Husada,Penerapan Enkripsi,5.270142083368883e-41
Pembangunan Frontend Dan Penerapan Algoritma Enkripsi AES Pada Aplikasi Mobile Solidare APPS,Penerapan Enkripsi,1.8019687448224086e-22
 Penerapan Teori Chaos di Dalam Kriptografi,Penerapan Keamanan Data,7.868281243962716e-11
PENERAPAN ENKRIPSI DATA MENGGUNAKAN METODE KOLABORASI MESSAGE DIGEST ALGORITHM 5 MD5 DAN SHA3 DENGAN SALT FUNCTION PADA …,Penerapan Enkripsi,9.65635758986505e-35
Penerapan Algoritma RC4 Dan Rail Fence Untuk Enkripsi Database Mahasiswa Pada Kampus Poltekkes Kemenkes Medan,Penerapan Keamanan Data,2.409425891873649e-29
Pengenalan Pola Wajah Menggunakan Metode Block-Eigenface pada Raspberry Pi,Penerapan Pengenalan Pola,8.451935410885488e-19
 Penerapan Jaringan Syaraf Tiruan untuk Mengukur Tingkat Korelasi Antara NEM dengan IPK Kelulusan Mahasiswa,Penerapan Sistem Peramalan,4.996956398036849e-35
Penerapan Data Mining Untuk Menganalisis Penjualan Barang Dengan Menggunakan Metode Apriori Pada Supermarket Sejahtera Lhokseumawe,Penerapan Data Besar,4.3180612894040065e-29
Penerapan Metode Principal Component Analysis PCA dan Backpropagation Neural Network BPNN untuk Pengenalan Pola Daun Telinga Seseorang,Penerapan Pengenalan Pola,2.3109395643749167e-35
Penerapan Algoritma Apriori dalam Memprediksi Persediaan Buku pada Perpustakaan SMA Dwi Tunggal Tanjung Morawa,Penerapan Data Besar,1.6928793868398758e-26
Penerapan Metode Discrete Wavelet Transform DWT dan Gaussian Mixture Model GMM Sebagai Pengenal Penutur,Penerapan Watermarking pada Citra,7.066977722515405e-28
 Pengenalan Pola Huruf Hijaiyah Khat Kufi Dengan Metode Deteksi Tepi Sobel Berbasis Jaringan Syaraf Tiruan Backpropagation,Penerapan Pengenalan Pola,4.920488234429121e-36
 Penerapan Jaringan Syaraf Tiruan Dalam Pengenalan Tulisan Tangan Huruf Korea Hangul Menggunakan Metode Propagasi Balik,Penerapan Pengenalan Pola,5.8179258110994866e-27
Penerapan Teknik Data Mining untuk Klasifikasi Ketepatan Waktu Lulus Mahasiswa Teknik Informatika Universitas Telkom Menggunakan Algoritma Naive Bayes …,Penerapan Data Besar,1.1107377866207579e-41
PENERAPAN EUCLIDEAN DISTANCE PADA PENGENALAN POLA CITRA SIDIK JARI Studi Kasus Pengenalan pola citra sidik jari berdasarkan tujuh tipe acuan,Penerapan Pengenalan Pola,3.2448980543747154e-47
… RSA DENGAN ALGORITMA STEGANOGRAFI LEAST SIGNIFICANT BIT LSB SEBAGAI WATERMARKING UNTUK PELABELAN IDENTITAS PADA FILE CITRA …,Penerapan Watermarking pada Citra,3.25686687786545e-36
THE APPLICATION OF WATERMARKING REGION OF INTEREST ROI DIGITAL IMAGE METHOD DISCRETE WAVELET TRANSFORM DWT MORPHOLOGY AND …,Penerapan Watermarking pada Citra,2.145782189608832e-53
TEKNIK WATERMARKING MENGGUNAKAN METODE LEAST SIGNIFICANT BIT PADA CITRA UNTUK PERLINDUNGAN HAK CIPTA MOTIF BATIK,Penerapan Watermarking pada Citra,1.7777640457047664e-34
IMPLEMENTASI WATERMARKING CITRA DIGITAL MENGGUNAKAN METODE DISRETE WAVELET TRANSFORMATION DAN SISTEM CHAOS PADA …,Penerapan Watermarking pada Citra,4.0635101306764584e-20
ANALISA PERBANDINGAN METODE DISCRETE COSINE TRANSFORM DCT DAN SINGULAR VALUE DECOMPOSITION SVD PADA IMAGE WATERMARKING,Penerapan Watermarking pada Citra,4.1573150572247974e-35
Analisis dan implementasi watermarking dengan algoritma aes untuk pemberian data hak cipta pada file audio,Penerapan Watermarking pada Citra,2.1654214772412962e-31
Penerapan Metode Gaussian Smoothing Untuk Mereduksi Noise Pada Citra Digital,Penerapan Filtering Citra,5.18312395492973e-19
Integrasi Discrete Wavelet Transform dan Singular Value Decomposition pada Watermarking Citra untuk Perlindungan Hak Cipta,Penerapan Watermarking pada Citra,4.793662799305178e-32
Modul Simulasi Teknik Watermarking pada Citra Digital Menggunakan Metode DWT dan DCT,Penerapan Watermarking pada Citra,7.321342939239601e-26
METODE PENGAMANAN HAK CIPTA DENGAN KRIPTOGRAFI KLASIK DAN KOMBINASI TEKNIK DIGITAL WATERMARKING MENGGUNAKAN METODE LEAST …,Penerapan Watermarking pada Citra,2.5793827055947995e-31
ANALISA DAN IMPLEMENTASI KOMPRESI CITRA CT SCAN MENGGUNAKAN METODE DELTA MODULATION,Penerapan Kompresi Citra,2.689203714537684e-15
 Aplikasi Kompresi Citra Dengan Matlab R2015a Menggunakan Metode Discrete Cosine Transform DCT dan Kuantisasi,Penerapan Kompresi Citra,4.171075770188112e-28
Perbandingan Algoritma Elias Delta Code Dan Unary Coding Dalam Kompresi Citra Forensik,Penerapan Kompresi Citra,1.6436043331623398e-27
Penerapan Algoritma Goldbach Codes Pada Kompresi File Gambar Terenkripsi Vigenere Cihper,Penerapan Enkripsi,3.3574169141372725e-22
ANALISA PERBANDINGAN METODE FRACTAL DAN METODE HUFFMAN PADA KOMPRESI CITRA DIGITAL,Penerapan Kompresi Citra,7.150210201732366e-26
 Kompresi Citra Medis Menggunakan Metode Wavelet,Penerapan Kompresi Citra,5.132473478572644e-14
 Steganografi Foto dalam Citra dengan Metode LSB dan Kompresi Metode Huffman,Penerapan Kompresi Citra,1.968601463240472e-24
Analisa Kompresi Citra Digital Menggunakan Metode Hadamard,Penerapan Kompresi Citra,3.1658793929805235e-14
IMPLEMENTASI LEMPEL ZIV WELCH LZW UNTUK KOMPRESI CITRA DIGITAL STUDI KASUS DI MUSEUM GEOLOGI DIVISI DOKUMENTASI,Penerapan Kompresi Citra,1.0741410833491214e-28
Penerapan Metode Deflate Dan Algoritma Goldbach Codes Dalam Kompresi File Teks,Penerapan Kompresi Citra,3.0489789548953223e-18
Penerapan Metode Median Filtering Dan Histogram Equalization Untuk Meningkatkan Kualitas Citra Radiografi,Penerapan Filtering Citra,1.5564356058883784e-25
PENERAPAN METODE INTERPOLASI LINEAR PADA PEMBESARAN CITRA,Penerapan Transformasi Citra,1.0374262881311917e-16
PENERAPAN METODE LOGARITHMIC PADA PROSES KOMPOSISI WARNA PADA CITRA,Penerapan Transformasi Citra,3.9808155258348413e-16
Penerapan Metode Kirsch Dalam Mendeteksi Tepi Objek Citra Digital,Penerapan Pengolahan Citra,1.0551161869927067e-17
[PERNYATAAN][C] teknik pengolahan citra digital berdomain spasial untuk peningkatan citra sinar-x,Penerapan Pengolahan Citra,3.998750343146754e-27
Improvisasi Backpropagation menggunakan penerapan adaptive learning rate dan parallel training,Penerapan Morfologi Citra Digital,2.069655246520521e-44
Penerapan Metode Convolutional Neural Network Pada Pengenalan Pola Citra Sandi Rumput,Penerapan Pengenalan Pola,3.691969531517608e-26
Penerapan Video Pembelajaran Menggunakan Sigil Untuk Meningkatkan Hasil Belajar Siswa Pada Mata Pelajaran Pengolahan Citra Digital Jurusan Multimedia Di …,Multimedia,1.6521062140194096e-39
PENERAPAN METODE MIDPOINT FILTER DALAM MEREDUKSI NOISE PADA CITRA USG ULTRASONOGRAFY,Penerapan Filtering Citra,7.023701846159195e-35
Penerapan Metode Median Filter Untuk Mereduksi Noise Speckle dan Salt And Pepper Pada Citra Ortokromatik,Penerapan Filtering Citra,2.4470442146783517e-27
KLASIFIKASI CITRA BERDASARKAN BENTUK OBJEK DENGAN METODE TRANSFORMASI HOUGH MENGGUNAKAN ALGORITMA K-NEAREST NEIGHBOR,Penerapan Transformasi Citra,5.4403659772257635e-33
Implementasi metode transformasi wavelet pada interpretasi citra satelit wilayah provinsi dki jakarta,Penerapan Transformasi Citra,2.5293360472473885e-29
IMPELEMTASI METODE TRANSFORMASI TOP-HAD DAN BOTTOM HAD UNTUK PENINGKATAN KUALITAS CITRA CT SCAN,Penerapan Pengolahan Citra,3.6358088313682794e-18
Aplikasi Biometrika Pencocokan Citra Garis Telapak Tangan Dengan Metode Transformasi Wavelet Dan Mahalanobis Distance,Penerapan Transformasi Citra,1.3430735989027582e-24
APLIKASI KEAMANAN CITRA DIGITAL PADA PERANGKAT BERBASIS ANDROID MENGGUNAKAN TRANSFORMASI DISCRETE COSINE TRANSFORM …,Penerapan Watermarking pada Citra,2.27813046300768e-32
Perbandingan algoritma transformasi walsh-hadamard dengan metode run length encoding dalam kompresi citra,Penerapan Kompresi Citra,1.0202998785984052e-25
 PENERAPAN ALGORITMA JARINGAN SARAF TIRUAN PROPAGASI BALIK DAN TRANSFORMASI HOUGH UNTUK DETEKSI LOKASI MATA PADA CITRA …,Penerapan Pengenalan Pola,1.6460058710297612e-37
Penerapan Metode Transformasi Wavelet pada Klasifikasi Jenis Renda,Penerapan Transformasi Citra,2.069877517403669e-15
 JURUSAN TEKNIK INFORMATIKA PROGRAM STUDI SISTEM INFORMASI,Penerapan Manajemen Informasi,1.1699198967719185e-19
Transformasi Citra Biner Menggunakan Metode Thresholding Dan Otsu Thresholding,Penerapan Transformasi Citra,7.211785300718786e-23
IMPLEMENTASI METODE MASKING-FILTERING PADA WATERMARKING CITRA DIGITAL,Penerapan Watermarking pada Citra,1.0490023306378799e-13
Penghalusan Kontur dan Tepi Obyek Citra Menggunakan Operasi Opening dan Closing,Penerapan Morfologi Citra Digital,3.6350344310480674e-24
Klasifikasi Usia Berdasarkan Citra Wajah Menggunakan Algoritma Artificial Neural Network dan Gabor Filter,Penerapan Filtering Citra,9.653335247856479e-36
PENERAPAN LINUX ZENTYAL SEBAGAI FILTERING DAN BANDWIDTH MANAGEMENT PADA JARINGAN PT ANTA CITRA ARGES,Penerapan Filtering Citra,3.1111171193971203e-24
"… REGULAR EXPRESSION UNTUK PENGOLAHAN CITRA DOKUMEN SURATDI LINGKUNGAN JURUSAN TEKNIK INFORMATIKA UPN"" VETERAN"" YOGYAKARTA",Penerapan Pengolahan Citra,6.000534637482943e-40
 Penerapan Edge Detection Pada Citra Digital Menggunakan Operator Laplacian Of Gaussian,Penerapan Morfologi Citra Digital,3.430009841369604e-22
IMPLEMENTASI MEAN FILTERING UNTUK MENGURANGI NOISE PADA CITRA DIGITAL,Penerapan Filtering Citra,1.955182457202372e-16
IMPLEMENTASI ORDER-STATISTIC FILTER UNTUK MEREDUKSI NOISE PADA CITRA DIGITAL,Penerapan Filtering Citra,4.521207198990083e-13
Implementasi Kompresi Citra Digital Dengan Mengatur Kualitas Citra Digital,Penerapan Kompresi Citra,3.1131689739699155e-19
PENERAPAN METODE MIDPOINT FILTER DALAM MEREDUKSI NOISE PADA CITRA USG ULTRASONOGRAFY,Penerapan Filtering Citra,7.023701846159195e-35
[BUKU][B] Pemrograman Matlab dalam contoh dan penerapan,Penerapan Pengolahan Citra,1.339265459047284e-14
Klasifikasi Tingkat Roasting Biji Kopi Menggunakan Jaringan Syaraf Tiruan Backpropagation Berbasis Citra Digital,Penerapan Pengenalan Pola,1.5043420021463018e-31
 Klasifikasi Penyakit Diabetes Retinopati Berdasarkan Citra Digital Dengan Menggunakan Metode Wavelet Dan Support Vector Machine,Penerapan Morfologi Citra Digital,2.863796035935626e-34
Pemrosesan Citra Digital dalam Klasifikasi Hasil Urinalisis Menggunakan Kamera Smartphone,Penerapan Pengolahan Citra,4.112608809859687e-19
 Penerapan Support Vector Machine Untuk Pendeteksian dan Klasifikasi Motif Pada Citra Batik Besurek Motif Gabungan Berdasarkan Fitur Histogram Of …,Penerapan Morfologi Citra Digital,4.223425174594923e-47
[BUKU][B] PENERAPAN TEKNOLOGI PENGOLAH CITRA DAN FISIKA PADA BIDANG TEKSTIL Tekstil Pengolah Citra Digital Fisika Tekstil,Penerapan Pengolahan Citra,3.975872634816172e-38
 Implementasi Sistem Deteksi Slot Parkir Mobil Menggunakan Metode Morfologi dan Background Subtraction,Penerapan Morfologi Citra Digital,1.4948747093340595e-25
Studi Komparasi Klasifikasi Pola Tekstur Citra Digital Menggunakan Metode K-Means Dan Naïve Bayes,Penerapan Morfologi Citra Digital,2.6522842655832047e-37
Implementasi Teknik Watershed Dan Morfologi Pada Citra Satelit Untuk Segmentasi Area Universitas Brawijaya,Penerapan Morfologi Citra Digital,6.494648215077334e-27
Penerapan Ekstraksi Ciri Statistik Orde Pertama Dengan Ekualisasi Histogram Pada Klasifikasi Telur Omega-3,Penerapan Pengolahan Citra,3.6143833732454437e-31
Integrasi Sistem Organisasi Mahasiswa Atma Luhur Dengan Pendekatan Service Oriented Architecture,Integrasi Sistem dan Arsitektur,6.532238654800614e-31
 Perancangan model enterprise architecture dengan TOGAF architecture development method,Integrasi Sistem dan Arsitektur,6.293334821479385e-23
Pengembangan Web Service Sistem Informasi Sekolah,Integrasi Sistem dan Arsitektur,1.1359726959005888e-17
Penerapan Zachman Framework Dalam Merancang Arsitektur Sistem Informasi Studi Kasus Upn “Veteran” Jawa Timur,Penerapan Manajemen Informasi,1.584433413457289e-38
PENERAPAN E-CR PADA PENGEMBANGAN PROTOTIPE DATA CENTER STUDI KASUS UNIT PELAYANAN TEKNIS TEKNOLOGI INFORMASI DAN KOMUNIKASI …,Penerapan Manajemen Informasi,3.241637380101523e-39
 Pertumbuhan Arsitektur Sistem Informasi Berdasarkan Arsitektur Bisnis,Integrasi Sistem dan Arsitektur,7.8218081185615e-18
Pengembangan Web Service Sistem Informasi Boarding School,Integrasi Sistem dan Arsitektur,1.6117202204012238e-17
Desain dan Implementasi Sistem Informasi Akademik yang Terintegrasi pada STMIK STIKOM Indonesia,Integrasi Sistem dan Arsitektur,3.968664701265365e-28
Integrasi Kategori Skripsi Dan Keahlian Dosen Dalam Naïve Bayes Untuk Pemilihan Dosen Pembimbing,Penerapan Sistem Pendukung Keputusan,2.4982586348498578e-33
Rancang Bangun Integrasi Aplikasi Sistem Kehadiran Mahasiswa Menggunakan Kerangka Kerja Laravel Studi Kasus Jurusan Teknik Informatika ITS,Penerapan Manajemen Informasi,4.596014526659207e-47
Penerapan Tata Kelola Teknologi Informasi Dan Komunikasi Pada Domain Align Plan And Organise APO Dan Monitor Evaluate And Assess MEA Dengan …,Penerapan Bisnis Elektronik Sistem Informasi,6.802120159338644e-30
Penerapan Kriptografi Caesar Cipher Pada Fitur Chatting Sistem Informasi Freelance,Penerapan Enkripsi,1.479365606575259e-46
 Penerapan Teknik Boundary Value Analysis untuk Pengujian Aplikasi Penjualan Menggunakan Metode Black Box Testing,Penerapan Penambangan Data,2.658205278492852e-30
Penerapan Manajemen Bandwidth Menggunakan Hierarchical Token Bucket Pada Mikrotik Router OS,Penerapan Virtualisasi Jaringan,7.573437235806093e-19
… Informasi Menggunakan Framework Information Technology Infrastructure Library ITIL Versi 3 Domain Service Operation Studi Kasus Jurusan Teknik Informatika …,Penerapan Manajemen Informasi,1.9062524908687942e-41
Rancang Bangun Prototype Sistem Informasi Manajemen Program Studi Informatika Menggunakan Pendekatan User Centered Design,Penerapan Bisnis Elektronik Sistem Informasi,1.6509645223199202e-40
Sistem Informasi Pengolahan Data Anggota Unit Kegiatan Mahasiswa UKM Zaradika STMIK DCI Tasikmalaya,Penerapan Manajemen Informasi,7.517388615376382e-33
 … Enterprise Architecture Planning EAP Pada Proses Manajemen Aset Dengan Zachman Framework Studi Kasus Divisi Manajemen Fasilitas PT XYZ,Penerapan Manajemen Informasi,2.5609590938953052e-47
 Penerapan web service pada aplikasi sistem akademik pada platform sistem operasi mobile android,Integrasi Sistem dan Arsitektur,4.140207894124401e-31
Penerapan Metode Simple Queue Pada Manajemen Bandwith untuk mengoptimalkan Bandwith Di Laboratorium Program Studi Teknik Informatika,Penerapan Manajemen Informasi,8.247028115513702e-32
Sistem Peminjaman Peralatan Pesta Berbasis Sistem Informasi Geografis,Penerapan Sistem Informasi Geografis,2.3344074125578956e-20
 Sistem Informasi Geografis Berbasis Mobile Android untuk Pemetaan Lokasi Pengrajin Kerajinan Tangan Khas Gorontalo,Penerapan Sistem Informasi Geografis,2.49267797355125e-37
[PERNYATAAN][C] Sistem Informasi Geografis Pariwisata Pulau Lombok Berbasis Android,Penerapan Sistem Informasi Geografis,3.462629710043155e-26
Rancang Bangun Aplikasi Geografis Pencarian Lokasi Bimbingan Belajar di Kota Medan Berbasis Android,Penerapan Sistem Informasi Geografis,8.188117367079156e-38
SISTEM INFORMASI GEOGRAFIS DATA KEPENDUDUKAN DI KELURAHAN PANGLAYUNGAN KECAMATAN CIPEDES KOTA TASIKMALAYA,Penerapan Sistem Informasi Geografis,1.23173548917617e-24
Penerapan Location Based Service Untuk Optimasi Sistem Informasi Geografis Pondok Pesantren Wilayah Tegal,Penerapan Sistem Informasi Geografis,8.188105186367311e-35
Sistem Informasi Geografis Lokasi Perumahan Di Kabupaten Tasikmalaya Berbasis Web,Penerapan Sistem Informasi Geografis,2.100585926962381e-25
Implementasi Sistem Informasi Geografis Sig Pada Penyebaran Lokasi Kuliah Kerja Nyata Kkn,Penerapan Sistem Informasi Geografis,9.5271486132748e-30
Penerapan Pemodelan Spasial pada Sistem Informasi Geografis Tenaga Kesehatan Kabupaten Malang,Penerapan Sistem Informasi Geografis,5.008573642708157e-20
Sistem Informasi Geografis Untuk Pengelolaan Dan Monitoring Persebaran Aset Wakaf,Penerapan Sistem Informasi Geografis,1.3999483371615257e-21
IMPLEMENTASI TEKNIK OBJECT RELATIONAL MAPPING PADA PEMBANGUNAN APLIKASI PERPUSTAKAAN MENGGUNAKAN FRAMEWORK LARAVEL,Penerapan Smart Living,1.1697726481821696e-20
Penerapan Telenursing Dalam Pelayanan Kesehatan Literature Review,Penerapan Customer Relationship Management,2.5823678626337e-11
Desain Dan Implementasi Sistem Pengambilan Keputusan Hybrid Untuk Problem Going-concern Uncertainty Pada Saat Auditing Sebuah Perusahaan,Penerapan Sistem Pendukung Keputusan,1.5841465472690736e-31
Penerapan Adaboost untuk penyelesaian ketidakseimbangan kelas pada Penentuan kelulusan mahasiswa dengan metode Decision Tree,Penerapan Data Besar,1.6915656974688244e-25
…  UNTUK PENGENALAN DOSEN KASUS PENGENALAN KEHIDUPAN KAMPUS BAGI MAHASISWA BARU PKKMB PROGRAM STUDI TEKNIK INFORMATIKA …,Penerapan Augmented Reality,1.080173870987446e-41
 Penerapan Metode Servqual dan Metode Eucs dalam Mengevaluasi Kepuasan Pelanggan dan Kualitas Layanan Teknologi Informasi Pengguna Jasa Internet …,Penerapan Manajemen Informasi,2.71535619323929e-37
Penerapan Metode Multiple Criteria Utility Assessment Untuk Penentuan Prioritas Pembangunan Berbasis Komputer,Penerapan Sistem Pendukung Keputusan,1.5724244917342878e-23
Model Enterprise Architecture Untuk Perguruan Tinggi Di Indonesia,Integrasi Sistem dan Arsitektur,1.969977024107245e-19
RANCANG BANGUN SISTEM INFORMASI PRAKTIK INDUSTRI DI JURUSAN TEKNIK INFORMATIKA UNESA BERBASIS WEBSITE,Penerapan Bisnis Elektronik Sistem Informasi,6.153979209309088e-34
Penerapan metode web based learning sebagai solusi pendidikan yang efektif dan efisien,Penerapan Pembelajaran Elektronik pada Sistem Informasi,1.839060940572358e-30
 Penerapan Extreme Learning Machine ELM untuk Peramalan Laju Inflasi di Indonesia,Penerapan Kecerdasan Buatan,4.0754549362539375e-24
 Penerapan Algoritma Forecasting untuk Prediksi Penderita Demam Berdarah Dengue di Kabupaten Sragen,Penerapan Data Besar,1.2021576089882391e-27
 Penerapan Metode Single Exponential Smoothing Menggunakan Pendekatan Adaptif Pada Peramalan Jumlah Pelanggan dan Kebutuhan Air Pada PDAM …,Penerapan Sistem Peramalan,3.381644701102086e-37
SISTEM PERAMALAN PENJUALAN PERUMAHAN DI KABUPATEN LAMONGAN DENGAN MENGGUNAKAN METODE REGRESI LINIER BERGANDA,Penerapan Sistem Peramalan,1.1514905898602799e-30
PENERAPAN METODE NUMERIK PADA PERAMALAN UNTUK MENGHITUNG KOOEFISIEN-KOEFISIEN PADA GARIS REGRESI LINIER BERGANDA,Penerapan Sistem Peramalan,2.7320841164125873e-19
Penerapan Logika Samar dalam Peramalan Data Runtun Waktu,Penerapan Sistem Peramalan,2.7772750390941783e-14
Penerapan Metode Exponential Smoothing Untuk Peramalan Penjualan Pada Toko Gitar,Penerapan Sistem Peramalan,6.378896150611036e-16
 Perancangan Aplikasi Peramalan Penjualan Handphone Dengan Metode Triple Exponential Smoothing,Penerapan Sistem Peramalan,2.9407035766550483e-25
SISTEM PERAMALAN PENJUALAN MENGGUNAKAN METODE PEMULUSAN EKSPONENSIAL ORDE TIGA PADA TOKO GROSIR SUKSES AMANAH MART,Penerapan Sistem Peramalan,5.811784716256602e-28
Peramalan Data IHSG Menggunakan Metode Backpropagation,Penerapan Sistem Peramalan,1.2864473792838797e-15
 Sistem Pendukung Keputusan Penentuan kualitas kayu untuk kerajinan meubel,Penerapan Sistem Pendukung Keputusan,3.0114406263830927e-21
Sistem pendukung keputusan kenaikan jabatan menggunakan metode profile matching studi kasus di PT Industri Kemasan Semen Gresik,Penerapan Sistem Pendukung Keputusan,3.081274150292308e-37
Sistem Pendukung Keputusan Pemilihan Guru Terbaik Pada Smk Maria Goretti Pematangsiantar Menggunakan Metode Simple Additive Weighting Saw,Penerapan Sistem Pendukung Keputusan,9.856780319884796e-36
 Analisis Pengaruh User Interface terhadap Kemudahan Penggunaan Sistem Pendukung Keputusan Seorang Dokter,Penerapan Sistem Pendukung Keputusan,2.8955113970319175e-36
Penerapan Fuzzy Mamdani Untuk Sistem Pendukung Keputusan Pemilihan Telepon Seluler,Penerapan Sistem Pendukung Keputusan,9.858235234062878e-20
Sistem Pendukung Keputusan Kenaikan Jabatan Menggunakan Metode Profile Matching,Penerapan Sistem Pendukung Keputusan,9.528313580294382e-22
 Sistem Pendukung Keputusan Seleksi Calon Karyawan Dengan Metode Promethee Studi Kasus Pamella Group Yogyakarta,Penerapan Sistem Pendukung Keputusan,4.917157425445031e-34
 Sistem Pendukung Keputusan Untuk Pemilihan Lokasi Pembukaan Cabang Usaha Variasi Mobil Dengan Metode Promethee,Penerapan Sistem Pendukung Keputusan,5.592954465443914e-30
Sistem Pendukung Keputusan Kelaikan Terbang SPK2T,Penerapan Sistem Pendukung Keputusan,8.10217265633173e-12
 Penerapan Metode Weighted Product dalam Sistem Pendukung Keputusan Pemilihan Laptop Berbasis Web,Penerapan Sistem Pendukung Keputusan,4.2485976689072807e-29
Penerapan Kombinasi Sandi Caesar dan Vigenere untuk Pengamanan Data Pesan pada Surat Elektronik,Penerapan Enkripsi,4.205391641000939e-28
Penerapan Kriptografi Caesar Cipher Pada Fitur Chatting Sistem Informasi Freelance,Penerapan Enkripsi,1.479365606575259e-46
Aplikasi Sistem Pemesanan Jasa Laundry E-Laundry Berbasis Android,Penerapan Sistem Informasi Geografis,1.903000387530691e-23
 RANCANG BANGUN E-COMMERCE TOKO FURNITURE,Penerapan Bisnis Elektronik Sistem Informasi,1.296428975240543e-16
Penerapan Sistem Informasi Penjualan Berbasis Apriori sebagai Rekomendasi Pembelian Barang Elektronik,Penerapan Bisnis Elektronik Sistem Informasi,1.2413022079441523e-31
[BUKU][B] Konsep sistem informasi,Penerapan Sistem Informasi Geografis,1.5409177238095689e-15
Sistem Informasi Jurnal Ilmiah Program Studi Teknik Informatika Fakultas Teknik Universitas Suryakancana Cianjur,Penerapan Manajemen Informasi,4.644066863544738e-36
Evaluasi Penerapan Cobit 5 Pada Layanan Pengadaan Secara Elektronik LPSE Di Provinsi Gorontalo,Penerapan Global Professional Practice,1.5431122698551832e-32
Rancang Bangun Aplikasi Pemesanan dan Penjualan Berbasis Web dan Android Pada Toko YT Wall Interior,Penerapan Customer Relationship Management,5.62107249533124e-29
USULAN MODEL AUDIT SISTEM INFORMASI Studi Kasus Sistem Informasi Perawatan Pesawat Terbang,Penerapan Manajemen Informasi,1.459631866841638e-36
PENERAPAN CUSTOMER RELATIONSHIP MANAGEMENT DENGAN MENGGUNAKANFRAMEWORK OF DYNAMIC CRM PADA TOKO OUTDOOR ADVENTURE …,Penerapan Customer Relationship Management,1.0337411930212846e-22
Penerapan CRM Customer Relationship Management Untuk Penentuan Perbaikan Kualitas Pelayanan Berdasarkan Manajemen Keluhan Pada PT Lunas …,Penerapan Customer Relationship Management,9.47605310615355e-33
PENERAPAN CUSTOMER RELATIONSHIP MANAGEMENT UNTUK MERANCANG FITUR APLIKASI PENJUALAN BUKU ONLINE,Penerapan Customer Relationship Management,9.380777391607556e-27
Analisis fitur CRM untuk meningkatkan kepuasan pasien-berbasis pada Framework of Dynamic CRM studi kasus Departemen Obstetri dan Ginekologi FKUI-RSCM …,Penerapan Customer Relationship Management,5.14824993374698e-37
IMPLEMENTASI PERSONAL EXTREME PROGRAMMING PXP PADA PENGEMBANGAN SISTEM CUSTOMER RELATIONSHIP MANAGEMENT CRM,Penerapan Customer Relationship Management,6.49476233202135e-27
Penerapan Konsep Customer Relationship Management Pelayanan Jasa Tour Dan Travel Berbasis Web Pada PT Muaratour Bandung,Penerapan Customer Relationship Management,2.453333912556341e-33
PENERAPAN CUSTOMER RELATIONSHIP MANAGEMENT CRM MENGGUNAKAN METODE FRAMEWORK OF DYNAMIC CRM BERBASIS WEBSITE STUDI …,Penerapan Customer Relationship Management,9.921524702459212e-33
 Pembangunan Sistem Customer Relationship Management pada PT Central Georgette Nusantara,Penerapan Customer Relationship Management,2.79504068274558e-23
Penerapan Customer Relationship Management Crm Berbasis SMS Gateway Pada Online Shop Tokofarah,Penerapan Customer Relationship Management,6.159768333799981e-27
PENERAPAN CUSTOMER RELATIONSHIP MANAGEMENT CRM MENGGUNAKAN METODE SERVICE QUALITY UNTUK MENGUKUR KEPUASAN PELANGGAN …,Penerapan Customer Relationship Management,8.986615784551525e-29
Pengembangan e-modul berbasis model pembelajaran project based learning pada mata pelajaran videografi untuk siswa kelas X Desain Komunikasi Visual di SMK …,Multimedia,5.616714548263609e-48
Penilaian Pengamanan Teknologi pada Sistem Pembelajaran Elektronik Menggunakan Indeks Keamanan Informasi di Politeknik Negeri Batam,Penerapan Keamanan Cyber,8.471051295683893e-39
PENERAPAN SISTEM INFORMASI AKADEMIK BERBASIS E-LEARNING PADA DINAS PENDIDIKAN PROPINSI KEPULAUN RIAU UNTUK MENINGKATKAN …,Penerapan Pembelajaran Elektronik pada Sistem Informasi,4.284729564788752e-28
PENERAPAN LOGIKA FUZZY PADA SISTEM MONITORING DAN KONTROL KANDANG AYAM OTOMATIS BERBASIS IoT,Penerapan IoT,6.441578210151977e-48
Pengembangan Sistem Informasi Proses Belajar Mengajar Online Dengan Menggunakan Metode Pembelajaran Student Centered Learning Scl,Penerapan Pembelajaran Elektronik pada Sistem Informasi,2.680604417802465e-32
Implementasi pembelajaran interaktif elektronika dasar menggunakan adobe flash cs6 pada kelas semu dengan google classroom berbasis framework rad,Multimedia,3.2632815196709864e-38
Konseptual Perancangan Sistem Informasi/Manajemen Logistik Penanggulangan Bencana Simlog-Pb Berbasis Gis Geographic Information System Di Indonesia,Penerapan Bisnis Elektronik Sistem Informasi,3.595360933082726e-41
Sistem Informasi Pembelajaran Elektronik E-Learning Berbasis Website Di SMA Kristen Hidup Baru Bandung,Penerapan Pembelajaran Elektronik pada Sistem Informasi,6.326480074293904e-38
Efektifitas Penerapan Blended Learning Terhadap Hasil Belajar Mahasiswa Di Unilak,Multimedia,3.0444046061330857e-23
Penerapan algoritma genetika pada sistem penjadwalan perkuliahan berbasis website,Penerapan Kecerdasan Buatan,1.3800157271974415e-22
Pelatihan computational thinking dan lomba bebras untuk guru dan siswa Sekolah Dasar se-Bantul,Computational Thinking,1.0922766641447424e-20
"Penerapan Metode Computational Thinking Pada Kurikulum Aceh Untuk Mencapai Kognitif"" Mencipta"" di SMK Kota Lhokseumawe",Computational Thinking,8.23288485237153e-29
Sosialisasi dan Pelatihan Bebras Challenge Untuk Siswa SMP di Kota Palembang,Computational Thinking,1.1491315690039176e-24
PEMBANGUNAN MEDIA PEMBELAJARAN INTERAKTIF POLA PIKIR KOMPUTASI PATTERN RECOGNITION UNTUK TINGKAT SEKOLAH DASAR,Computational Thinking,5.765369411318306e-36
Hubungan Computational Thinking Skill CTS Dengan Hasil Belajar Mahasiswa Tahun Pertama Program Studi Komputer Di Banda Aceh,Computational Thinking,4.595056457270068e-36
Analisis kesiapan pembelajaran pemrograman pada siswa Madrasah Tsanawiyah Negeri Surakarta 1 berdasarkan kemampuan berpikir komputasi,Computational Thinking,3.50889187006733e-39
Proses Berpikir Mahasiswa dalam Menyelesaikan soal Kalkulus,Penerapan Global Professional Practice,9.292790616012194e-15
[HTML][HTML] Teknik Informatika,Computational Thinking,5.738440889592545e-13
Meningkatkan Kemampuan Problem Solving Siswa-Siswi SMA Negeri 7 Semarang melalui Bebras Challenge,Computational Thinking,9.9567581866593e-35
Rancang Bangun Aplikasi Edukasi Interaktif untuk Melatih Berpikir Komputasional materi Graf,Computational Thinking,5.923883721893998e-28
Pengembangan Game Edukatif Berbasis Android Sebagai Media Pembelajaran Akuntansi Pada Materi Jurnal Penyesuaian Perusahan Jasa,Pengembangan Game,1.9347801660993162e-33
Analisis Pengembangan Game Edukasi “Indonesiaku” Sebagai Pengenalan Warisan Budaya Indonesia untuk Anak Usia 12-15 Tahun,Pengembangan Game,1.0519051374179952e-35
Rancang Bangun Aplikasi Game Pengenalan Sejarah Perang Tondano,Pengembangan Game,6.0811750898744864e-18
Pengembangan Game 3D First Person Shooter Peristiwa Kemerdekaan 14 Februari 1946 Di Sulawesi Utara,Pengembangan Game,1.6051232184211563e-24
Pengembangan Game Edukasi Satua Bali “Pan Cubling” Berbasis Android,Pengembangan Game,4.308608465165834e-16
Game Pengenalan Objek Wisata Kota Tomohon,Penerapan Sistem Informasi Geografis,1.654132173415693e-17
Perancangan Aplikasi Game Cat Volly Berbasis Android,Pengembangan Game,2.735286856716035e-18
PENGEMBANGAN GAME ADVENTURE “SATRIA GARUDA” DENGAN MENGGUNAKAN METODE FSM Finite State Machine & FUZZY LOGIC,Penerapan Kecerdasan Buatan,8.46560145222504e-30
Pengembangan Game Edukasi “Aksara Bali” Berbasis Android,Pengembangan Game,1.1221971247257822e-19
Pengembangan Game Edukasi Menggunakan Adobe Flash Pada Mata Kuliah Sistem Operasi untuk Mahasiswa Prodi Pendidikan Teknik Informatika dan Komputer …,Multimedia,1.314520478455276e-46
Implementasi Media Pembelajaran Teknik Pengkodean Barcode Berbasis Multimedia dalam Meningkatkan Kualitas Kegiatan Belajar Mengajar,Multimedia,2.7027256523520124e-31
 Pengembangan Pariwisata Kabupaten Bantul Berbasis Multimedia,Multimedia,3.7461864152178295e-16
… Tugas Akhir Menggunakan Fuzzy Multiple Attribute Decision Making dengan Simple Additive Weighting Studi Kasus Jurusan Teknik Informatika UIN SGD Bandung,Penerapan Sistem Pendukung Keputusan,3.425862880632642e-56
[HTML][HTML] … Project Based Learning PjBL untuk meningkatkan kreativitas dan hasil belajar siswa kelas XI Multimedia pada mata pelajaran teknik animasi dua dimensi …,Multimedia,1.0855279702351478e-55
Implementasi Data Mining dengan Algoritma C4 5 untuk Memprediksi Tingkat Kelulusan Mahasiswa,Penerapan Data Besar,2.1921553916232884e-24
Pembelajaran Logika Matematika Pada Pokok Bahasan Logika Algoritma Berbasis Multimedia,Multimedia,2.4604240486113306e-25
Implementasi Multimedia Interaktif Pada Perancangan Website Program Studi Teknik Informatika Universitas Tanjungpura,Multimedia,2.508119036117817e-30
Perancangan Aplikasi Latihan Fitness Untuk Pemula Berbasis Multimedia,Multimedia,1.3780196061921234e-15
Aplikasi Virtual tour Tempat Wisata Alam di Sulawesi Utara,Pengembangan Game,3.028818705949334e-28
 Visualisasi Pengumuman dan SOP Fakultas Ilmu Komputer Universitas Katolik Santo Thomas Medan berbasis Multimedia,Multimedia,4.0564960481883016e-33
PERANCANGAN MEDIA PEMBELAJARAN METAMORFOSIS SERANGGA MENGGUNAKAN AUGMENTED REALITY BERBASIS ANDROID,Penerapan Augmented Reality,2.229008893483956e-18
PENERAPAN AUGMENTED REALITY PENGENALAN JENIS OLAHRAGA BERBASIS ANDROID,Penerapan Augmented Reality,4.316077550692366e-20
Penerapan Augmented Reality Sebagai Media Pembelajaran Virus Dalam Mata Pelajaran Biologi Kelas X SMA Studi Kasus SMA Negeri 7 Pontianak,Penerapan Augmented Reality,6.646497240843422e-55
Pengembangan Media Pembelajaran Pengukuran Listrik Berbasis “Augmented Reality” pada Mahasiswa Teknik Elektro UNIPMA,Penerapan Augmented Reality,2.4135329862803146e-33
Penerapan Teknologi Augmented Reality Pada Game Pengenalan Hewan Berdasarkan Jenis Makanannya Berbasis Mobile,Penerapan Augmented Reality,3.1037173662792456e-32
PENERAPAN AUGMENTED REALITY PADA PRODUK KEMASAN,Penerapan Augmented Reality,4.683890324789742e-09
Penerapan Augmented Reality Pada Buku Cerita Fabel Nopel & Kokun Dengan Metode Marker Based Tracking Berbasis Android,Penerapan Augmented Reality,2.0955352972542738e-30
PENERAPAN AUGMENTED REALITY SEBAGAI PEMBELAJARAN KONEKSI JARINGAN,Penerapan Augmented Reality,1.7580708382392346e-17
Augmented reality sebagai Media Pembelajaran Hewan Purbakala,Penerapan Augmented Reality,7.116277011585334e-16
Pemanfaatan Augmented Reality Sebagai Media Pembelajaran Pengenalan Buah-Buahan,Penerapan Augmented Reality,5.054079294127628e-21
